,SBS1,SBS2,SBS3,SBS4,SBS5,SBS6,SBS7a,SBS7b,SBS7c,SBS7d,SBS8,SBS9,SBS10a,SBS10b,SBS10c,SBS10d,SBS11,SBS12,SBS13,SBS14,SBS15,SBS16,SBS17a,SBS17b,SBS18,SBS19,SBS20,SBS21,SBS22,SBS23,SBS24,SBS25,SBS26,SBS27,SBS28,SBS29,SBS30,SBS31,SBS32,SBS33,SBS34,SBS35,SBS36,SBS37,SBS38,SBS39,SBS40,SBS41,SBS42,SBS43,SBS44,SBS45,SBS46,SBS47,SBS48,SBS49,SBS50,SBS51,SBS52,SBS53,SBS54,SBS55,SBS56,SBS57,SBS58,SBS59,SBS60,SBS84,SBS85,SBS86,SBS87,SBS88,SBS89,SBS90,SBS91,SBS92,SBS93,SBS94
M1,0.0069177234545350075,0.011608343571424484,0.0013844615314155817,0.001455359859392047,0.0015664531383663416,0.01068834401667118,0.012938360683619976,0.0015188197139650583,0.002638731151819229,0.016076181083917618,0.0017026927089318633,0.00251562288030982,0.35246700048446655,0.10770738124847412,0.0016204497078433633,0.0026170536875724792,0.017100250348448753,0.010239928960800171,0.002030589384958148,0.0061910864897072315,0.05024970695376396,0.013321559876203537,0.0024931938387453556,0.0018048108322545886,0.002758817281574011,0.0020970881450921297,0.0017948985332623124,0.05441473051905632,0.001620752620510757,0.003153298981487751,0.0016513022128492594,0.00170652917586267,0.0020321791525930166,0.0015614754520356655,0.1269548386335373,0.0034797359257936478,0.00246435240842402,0.0014846178237348795,0.004785589408129454,0.007652313448488712,0.0016170151066035032,0.002196037909016013,0.003144909394904971,0.008737945929169655,0.0014735055156052113,0.0015195345040410757,0.0016339170979335904,0.0017344059888273478,0.0015292514581233263,0.008007166907191277,0.0035852857399731874,0.0014462191611528397,0.0020924522541463375,0.0014778135810047388,0.006169523578137159,0.0019046228844672441,0.004496494308114052,0.001372013590298593,0.0025395769625902176,0.0013729225611314178,0.0015129947569221258,0.0014642267487943172,0.0022682712879031897,0.016790103167295456,0.0025501057971268892,0.01294680591672659,0.0013560119550675154,0.00718370545655489,0.0017897088546305895,0.0015285109402611852,0.0015342581318691373,0.021389774978160858,0.0018443628214299679,0.0018480787985026836,0.001624076277948916,0.0015145750949159265,0.002350834896788001,0.0019863219931721687
M2,0.04030025750398636,0.0263422429561615,0.001626891316846013,0.0001598970266059041,0.007025520317256451,0.016263294965028763,0.007512365467846394,0.005789813585579395,0.02217705175280571,0.022084876894950867,0.048011861741542816,0.006356681231409311,0.004173463210463524,0.005012958310544491,0.031297314912080765,0.00029084537527523935,0.000529915967490524,0.0010676600504666567,0.015587631613016129,0.0007935730973258615,0.006099522579461336,0.0025635615456849337,0.13361048698425293,0.2718396782875061,0.04491621255874634,0.006526813842356205,0.00046724555431865156,0.013391894288361073,0.0011315259616822004,0.0002601694723125547,0.0005742391222156584,0.0025653603952378035,0.011853126809000969,0.000203255724045448,0.0287313349545002,0.00039737301995046437,0.015769287943840027,0.00037508076638914645,0.006327948532998562,0.010431351140141487,0.004458898212760687,0.0007410816033370793,0.0010316271800547838,0.022367391735315323,0.0001538969954708591,0.009679703041911125,0.02501242235302925,0.018871691077947617,0.0003669306170195341,0.002450031926855445,0.0020601472351700068,0.00010645503789419308,0.0067877150140702724,0.0012690556468442082,0.00021516338165383786,0.00013650560867972672,0.00304970215074718,0.00024292292073369026,0.000262219225987792,0.00019514102314133197,0.0008648457005620003,0.0011315825395286083,0.0015870361821725965,0.02321632206439972,0.013385913334786892,0.005331908352673054,0.0006134524010121822,0.003254151437431574,0.002390403300523758,0.003917847294360399,0.00022416793217416853,0.0012602591887116432,0.001062837545759976,0.007770799100399017,0.00017298677994403988,0.0016696957172825933,0.012059083208441734,0.00018839037511497736
M3,0.01380726508796215,0.012806094251573086,0.01291743852198124,0.021137461066246033,0.0485718809068203,0.012261783704161644,0.0013130545848980546,0.0012566512450575829,0.0003244676918257028,0.008536974899470806,0.09086673706769943,0.004772349260747433,0.0003469687362667173,9.903853788273409e-05,0.0057272533886134624,0.0002180245064664632,0.0002465596189722419,0.19316242635250092,0.006626999471336603,0.00020922182011418045,0.003532813861966133,0.06455586850643158,0.0004398805904202163,0.008707375265657902,0.02019103243947029,0.03448641300201416,0.002650290261954069,0.006265608128160238,0.04679155349731445,0.0002488545433152467,0.0193856842815876,0.000684990081936121,0.007864962331950665,0.00020968049648217857,0.000705827260389924,0.006181883160024881,0.03317549079656601,0.00022272976639214903,0.0015756830107420683,0.005253956653177738,0.00743672763928771,0.0022913299035280943,0.01148833055049181,0.000985140330158174,0.00027853448409587145,0.006741263438016176,0.1464705765247345,0.0012997454032301903,0.003275747410953045,0.00025753307272680104,0.009681960567831993,0.0017206671182066202,0.004282040521502495,0.001518433215096593,0.000312734191538766,0.00022125703981146216,0.0036170193925499916,0.001198764774017036,0.0012429169146344066,0.0004773238906636834,0.003967076539993286,0.00022745149908587337,0.0004815167631022632,0.0004841259215027094,0.01322021335363388,0.00010125215339940041,0.00015242272638715804,0.0009336443617939949,0.006142127327620983,0.002707094419747591,0.0005380783113650978,0.00047525044647045434,0.0024030450731515884,0.0002611263480503112,0.0024461636785417795,0.042587749660015106,0.01834358274936676,0.0013907690299674869
M4,0.00607884768396616,0.0006651689182035625,0.002110209548845887,0.0014430449809879065,0.0017603272572159767,0.005096860229969025,0.0009863177547231317,0.07917061448097229,0.020015491172671318,0.015945661813020706,0.0010996002238243818,0.001775136450305581,0.0007023434154689312,0.0009604438091628253,0.0008957821410149336,0.0007214450743049383,0.001270104548893869,0.07209859788417816,0.0007016017334535718,0.0009755734354257584,0.02979172207415104,0.0017988842446357012,0.0007227368769235909,0.006157249677926302,0.0007322138408198953,0.0011262738844379783,0.021307174116373062,0.0010362741304561496,0.0008017480722628534,0.12045116722583771,0.019193224608898163,0.0008518336690030992,0.00171737652271986,0.000856284867040813,0.005962491035461426,0.0021489046048372984,0.001237998716533184,0.0018734383629634976,0.0007772983517497778,0.016230184584856033,0.0015638103941455483,0.0018890374340116978,0.0007100453949533403,0.06560058146715164,0.0012862618314102292,0.049189046025276184,0.001250702072866261,0.03190737962722778,0.012967914342880249,0.0007818989106453955,0.0013114893808960915,0.0018376139923930168,0.0010796827264130116,0.0009754226775839925,0.0021395927760750055,0.01035977527499199,0.0011147921904921532,0.0007271529175341129,0.0007439868059009314,0.012139501050114632,0.0011143425945192575,0.000668916676659137,0.0006214493187144399,0.015115851536393166,0.0006551230326294899,0.002382913837209344,0.0006034463294781744,0.0015249291900545359,0.0019617509096860886,0.025640852749347687,0.09955878555774689,0.10747916996479034,0.0009080335148610175,0.0011600502766668797,0.0009996022563427687,0.0013811889803037047,0.004927490837872028,0.08447274565696716
M5,0.016272766515612602,0.009363096207380295,0.03220449388027191,0.0004244550073053688,0.031629420816898346,0.0037950794212520123,0.42246177792549133,0.10895603150129318,0.02260085940361023,0.027319801971316338,0.03379405289888382,0.005991343408823013,0.002962521044537425,0.0007449864642694592,0.004266904667019844,0.0005230815149843693,0.0011349705746397376,0.0023373726289719343,0.015515611506998539,0.0016440155450254679,0.004667697474360466,0.004492304753512144,0.0023868167772889137,0.00767755089327693,0.0033367180731147528,0.003762079868465662,0.0008753046859055758,0.0035126858856528997,0.003550604684278369,0.0004706332692876458,0.00039084028685465455,0.006096069701015949,0.006855525076389313,0.0004695357056334615,0.007226258050650358,0.0006632576696574688,0.004509164951741695,0.0004563485272228718,0.004825228359550238,0.0012730415910482407,0.007401491980999708,0.0017794168088585138,0.0009448865312151611,0.008815240114927292,0.010010791942477226,0.03513526916503906,0.03842673823237419,0.0044711884111166,0.0011116506066173315,0.002247708849608898,0.003907809033989906,0.0005195434205234051,0.00429834658280015,0.0030760173685848713,0.0003016693517565727,0.0005307139945216477,0.005330807063728571,0.0009443699382245541,0.00034400055301375687,0.0004378054873086512,0.0014372689183801413,0.010486418381333351,0.0009170499397441745,0.001247370382770896,0.012212198227643967,0.0005016240756958723,0.00035122199915349483,0.0008806763216853142,0.00895383208990097,0.0025775569956749678,0.004375862423330545,0.0010753435781225562,0.0022682673297822475,0.0011651250533759594,0.00041290593799203634,0.002691959496587515,0.006487363018095493,0.0004821463371627033
M6,0.00810999795794487,0.023665301501750946,0.003832074347883463,0.149018794298172,0.02315453812479973,0.007374999113380909,0.0010184504790231586,0.0008518170798197389,0.0004563139518722892,0.0036519900895655155,0.06166457757353783,0.0038512260653078556,0.0010222700657323003,0.0005120703717693686,0.0028096523601561785,0.002260096836835146,0.0004365617933217436,0.025539183989167213,0.021354056894779205,0.0010550770675763488,0.0025766179896891117,0.017738334834575653,0.0007455032900907099,0.00201875576749444,0.05000227689743042,0.013538725674152374,0.0023565227165818214,0.006033934652805328,0.03722290322184563,0.0007964140386320651,0.014841576106846333,0.0050120884552598,0.019177090376615524,0.004037654493004084,0.0006185444071888924,0.026777582243084908,0.027152450755238533,0.0008185676415450871,0.0039594778791069984,0.006327667273581028,0.006487947888672352,0.0006659264909103513,0.018010219559073448,0.0008626095368526876,0.0008608686621300876,0.061797477304935455,0.09693501889705658,0.001870346604846418,0.0017590222414582968,0.00027823515119962394,0.0059261927381157875,0.011653145775198936,0.0009863631566986442,0.0007865724619477987,0.00023774598957970738,0.0002790931612253189,0.017984820529818535,0.010775811970233917,0.0018268125131726265,0.002055186778306961,0.006018516607582569,0.00028266728622838855,0.0006637306651100516,0.0019660505931824446,0.01058275531977415,0.0005590550135821104,0.0003596497990656644,0.0010938396444544196,0.009506884962320328,0.005042517092078924,0.0007821234175935388,0.0007215369259938598,0.011386644095182419,0.004091935697942972,0.0009115171269513667,0.10221736878156662,0.016650009900331497,0.0017320195911452174
M7,0.025277113541960716,0.09115629643201828,0.005806500092148781,0.00195449055172503,0.0066748810932040215,0.033081285655498505,0.0037448229268193245,0.013503100723028183,0.008668359369039536,0.019497830420732498,0.03130296617746353,0.005387871991842985,0.01578933373093605,0.0166529081761837,0.002050335519015789,0.0029188760090619326,0.01583796925842762,0.0936369076371193,0.09355480968952179,0.009096577763557434,0.02558990567922592,0.025380538776516914,0.0013049464905634522,0.005886168219149113,0.007173395715653896,0.015466993674635887,0.0054407864809036255,0.019795162603259087,0.011782001703977585,0.020819514989852905,0.01032273843884468,0.0013059224002063274,0.0026983562856912613,0.0011279094032943249,0.01685243472456932,0.004249604884535074,0.01352804247289896,0.004022842273116112,0.0042977286502718925,0.015038243494927883,0.0036173206754028797,0.0017896373756229877,0.0016066739335656166,0.014382376335561275,0.0016746234614402056,0.011405015364289284,0.042914919555187225,0.0027820002287626266,0.003211421426385641,0.003274917136877775,0.006388713605701923,0.0029578846879303455,0.005467722192406654,0.0018417321844026446,0.004149377811700106,0.0028529695700854063,0.004006366245448589,0.0009822914144024253,0.002396476222202182,0.0037143193185329437,0.002625077962875366,0.0008428721921518445,0.0016108154086396098,0.02776169404387474,0.0033932586666196585,0.004855820909142494,0.001640490023419261,0.007406200282275677,0.003611413761973381,0.006948831956833601,0.011629501357674599,0.05259675905108452,0.0015235613100230694,0.0020807324908673763,0.0020176456309854984,0.016986912116408348,0.009658575989305973,0.013716598972678185
M8,0.13167987763881683,0.008495459333062172,0.006138693541288376,0.002126196166500449,0.003076413180679083,0.10674479603767395,0.0032883123494684696,0.009093398228287697,0.017544163390994072,0.002519316505640745,0.007114955224096775,0.003455091267824173,0.00629442511126399,0.014957292005419731,0.021282551810145378,0.0017586549511179328,0.005384715273976326,0.016163025051355362,0.002495178487151861,0.01872735470533371,0.032266128808259964,0.005043547600507736,0.0053551881574094296,0.020589128136634827,0.036504872143268585,0.003186008194461465,0.05174725130200386,0.024314366281032562,0.001277401577681303,0.0021059121936559677,0.0028775145765393972,0.002242469694465399,0.06383095681667328,0.0007752440869808197,0.0060326955281198025,0.004433783702552319,0.019642548635601997,0.009237805381417274,0.009786145761609077,0.004156869370490313,0.024907810613512993,0.0018812918569892645,0.0047559286467731,0.012781089171767235,0.002807790879160166,0.004167572595179081,0.004051460884511471,0.006777581758797169,0.0035241448786109686,0.003515964839607477,0.08438216149806976,0.004043131601065397,0.013361791148781776,0.0010215251240879297,0.0020256293937563896,0.004090983420610428,0.013322876766324043,0.0010840449249371886,0.001588028622791171,0.002685106359422207,0.0302285049110651,0.0015729983570054173,0.0037034647539258003,0.018756967037916183,0.01626434549689293,0.011805055662989616,0.000594638055190444,0.0030361320823431015,0.0018410502234473825,0.0035694425459951162,0.0016509718261659145,0.0020839753560721874,0.001455951016396284,0.0020371945574879646,0.0013004436623305082,0.0059848143719136715,0.002348311711102724,0.0012440967839211226
M9,0.03757361322641373,0.02523566409945488,0.047446638345718384,0.0012273574247956276,0.06561106443405151,0.01071013044565916,0.005847039632499218,0.0016610684106126428,0.0012827025493606925,0.0021176531445235014,0.1584572196006775,0.010948041453957558,0.0013023861683905125,0.00033639249159023166,0.0046255807392299175,0.0001073005551006645,0.0005885681021027267,0.036189205944538116,0.040009524673223495,0.009268620051443577,0.0038183978758752346,0.011849801056087017,0.000498289184179157,0.007559511810541153,0.00805283896625042,0.020288793370127678,0.002615475095808506,0.0038319379091262817,0.015031796880066395,0.0002047922316705808,0.004811515100300312,0.005200750194489956,0.0010538320057094097,0.0001810959365684539,0.0009699771762825549,0.00027707635308615863,0.013912765309214592,0.00026230583898723125,0.016049878671765327,0.001721171080134809,0.004563710652291775,0.002066248096525669,0.004933731630444527,0.03350643068552017,0.0008764064405113459,0.09849553555250168,0.13362348079681396,0.016617652028799057,0.001337496330961585,0.0014827995328232646,0.011102927848696709,0.00016357595450244844,0.020518705248832703,0.0018831307534128428,0.0003150863340124488,5.312381108524278e-05,0.008745692670345306,0.0019306662725284696,0.00012172750575700775,0.0002763854281511158,0.0008387516718357801,0.004175788722932339,0.00010494592424947768,0.000371005036868155,0.010872185230255127,0.00016573708853684366,0.00014092173660174012,0.003478497266769409,0.005415366031229496,0.004375991877168417,0.0026602118741720915,0.0005259224562905729,0.013125501573085785,0.0028790077194571495,0.0003707044234033674,0.022866150364279747,0.005504559725522995,0.0007764250040054321
M10,0.0009997781598940492,0.03421173617243767,0.002361604478210211,0.28470802307128906,0.0032214794773608446,0.002767126075923443,0.0002549806085880846,0.00047267499030567706,0.00021545524941757321,0.0024147150106728077,0.05773540213704109,0.0013098943745717406,0.0009170150151476264,0.00041505650733597577,0.0002755329478532076,0.0013671478955075145,0.00016255525406450033,0.010582808405160904,0.03487275540828705,0.002442693104967475,0.0006916204001754522,0.013571670278906822,0.0024459445849061012,0.001640388392843306,0.06398701667785645,0.012568359263241291,0.002093592192977667,0.0024168253876268864,0.017218543216586113,0.0004768549697473645,0.007839465513825417,0.006758823990821838,0.020215265452861786,0.00431486964225769,0.00045633764239028096,0.03318662941455841,0.023021060973405838,0.00038899265928193927,0.004454548470675945,0.008593779057264328,0.004683010280132294,0.00024414260406047106,0.01963692344725132,0.0005640054005198181,0.00035745263448916376,0.08071798086166382,0.013543941080570221,0.0005106974858790636,0.00061955233104527,0.000152957858517766,0.01124989241361618,0.003950594458729029,0.001486524473875761,0.00033344514667987823,0.0001746673951856792,0.0001592751796124503,0.021492067724466324,0.0056640529073774815,0.0014018274378031492,0.0005695626605302095,0.006872918456792831,0.0002790010184980929,0.0017117897514253855,0.0016814593691378832,0.0101424939930439,0.0006778627284802496,0.0001863666984718293,0.0007038831827230752,0.005204576067626476,0.001564704580232501,0.0005212510004639626,0.00038359794416464865,0.010157233104109764,0.00340975821018219,0.0002634892298374325,0.0979704037308693,0.021966082975268364,0.0007414823630824685
M11,0.039648767560720444,0.007548118010163307,0.011762693524360657,0.006477192044258118,0.036182232201099396,0.0095287524163723,0.0028435830026865005,0.0021454263478517532,0.002540315268561244,0.002426354680210352,0.03084644116461277,0.0021339580416679382,0.0006010556244291365,0.0007466754177585244,0.0006672248709946871,0.0014569632476195693,0.0011559954145923257,0.033612120896577835,0.005643870681524277,0.0015864894958212972,0.0020853993482887745,0.015893420204520226,0.00022507412359118462,0.0017038170481100678,0.005139382556080818,0.01213033962994814,0.0013306584442034364,0.010831141844391823,0.05273342877626419,0.001397203654050827,0.003814317286014557,0.0012946894858032465,0.007396270986646414,0.0017838608473539352,0.004060555249452591,0.0028247851878404617,0.016752159222960472,0.0002540478017181158,0.006726152263581753,0.001806291053071618,0.007022162899374962,0.0007292901282198727,0.009595053270459175,0.006677401252090931,0.0010344518814235926,0.014486491680145264,0.5022547841072083,0.005391521845012903,0.0054487925954163074,0.000239188942941837,0.011686044745147228,0.002826826646924019,0.0012022533919662237,0.0007425178191624582,0.0001814130664570257,0.00020787405082955956,0.004368874244391918,0.002596736652776599,0.001246828120201826,0.00046317349188029766,0.001043887110427022,0.00028381551965139806,0.0009488244540989399,0.005931858904659748,0.0029724398627877235,0.0001393029378959909,0.00012641222565434873,0.0018261584918946028,0.015505789779126644,0.003143083769828081,0.0003539335448294878,0.001276241848245263,0.0016658682143315673,0.0019462327472865582,0.00034813780803233385,0.015278262086212635,0.01842571794986725,0.0006450887885876
M12,0.007987914606928825,0.003939696587622166,0.0007923107477836311,0.00013400583702605218,0.003095693653449416,0.000760801020078361,0.587579607963562,0.15475086867809296,0.03191569074988365,0.034069620072841644,0.000910242204554379,0.0021426714956760406,0.002404825296252966,0.003626928199082613,0.0029336486477404833,0.00030189318931661546,0.0020625570323318243,0.0013708736514672637,0.003033021930605173,0.0006058677681721747,0.0033713718876242638,0.0038221515715122223,0.004480688367038965,0.008675552904605865,0.0014677793951705098,0.0015421471325680614,0.0002955228555947542,0.002872398355975747,0.001902458374388516,0.00020381568174343556,9.910818334901705e-05,0.0020158831030130386,0.0060702133923769,0.0003329452592879534,0.006105998530983925,0.0001117883512051776,0.0036695334129035473,0.00012931115634273738,0.0010402207262814045,0.001321961055509746,0.008742914535105228,0.000462686235550791,0.0007807642105035484,0.00405987398698926,0.013240670785307884,0.010850486345589161,0.004027293995022774,0.003493987023830414,0.0002491092309355736,0.00112410937435925,0.0012445111060515046,0.0004386647487990558,0.0007639522082172334,0.002422395395115018,0.00016190798487514257,0.0001041705982061103,0.0009755090577527881,0.0002828708675224334,0.00024832782219164073,0.0002655086573213339,0.0010762473102658987,0.009137489832937717,0.0006439032731577754,0.0005665145581588149,0.018295085057616234,0.00022951149730943143,0.0003637641202658415,0.00042333544115535915,0.008169203996658325,0.0022239205427467823,0.0011177940759807825,0.0012988288654014468,0.0008431851165369153,0.00032008381094783545,0.000253349426202476,0.0022883231285959482,0.004653197713196278,0.00020693302212748677
M13,0.030569395050406456,0.020665984600782394,0.024806123226881027,0.007283264771103859,0.04060109332203865,0.007234103512018919,0.01115345023572445,0.009574929252266884,0.008596879430115223,0.00719630578532815,0.048207640647888184,0.014842960052192211,0.0068274675868451595,0.008719180710613728,0.0072400434873998165,0.006641576066613197,0.010320791974663734,0.009719682857394218,0.027372878044843674,0.00946901086717844,0.00919532123953104,0.012107852846384048,0.008707154542207718,0.011309409514069557,0.011399880051612854,0.019052159041166306,0.00715088052675128,0.008081278763711452,0.008342006243765354,0.007741520181298256,0.008064626716077328,0.007138097193092108,0.010913792997598648,0.006104183383285999,0.009978254325687885,0.009125499054789543,0.014562181197106838,0.0071959784254431725,0.015825264155864716,0.008832643739879131,0.010469367727637291,0.007939711213111877,0.00766439363360405,0.022924505174160004,0.008772064000368118,0.04894925653934479,0.008493988774716854,0.01566006802022457,0.006474771071225405,0.035667985677719116,0.012665065936744213,0.007508293725550175,0.020124655216932297,0.012607157230377197,0.0062486170791089535,0.0060830870643258095,0.011403705924749374,0.011241968721151352,0.012247586622834206,0.007834354415535927,0.01848931983113289,0.007364207413047552,0.006716512143611908,0.0075334045104682446,0.04580571874976158,0.00698134396225214,0.013965568505227566,0.006017705425620079,0.008464628830552101,0.012923500500619411,0.009800510480999947,0.008350440301001072,0.010171614587306976,0.007361972704529762,0.00620550150051713,0.009207472205162048,0.008914818055927753,0.006874386221170425
M14,0.04569901525974274,0.024818716570734978,0.04378041997551918,0.001781939878128469,0.023711679503321648,0.009707004763185978,0.008375559002161026,0.005162477493286133,0.008575201965868473,0.015078886412084103,0.06881242990493774,0.020452173426747322,0.0037324794102460146,0.007715780287981033,0.02748795598745346,0.0015220472123473883,0.0032270471565425396,0.008298051543533802,0.02489912509918213,0.005011809058487415,0.012371783144772053,0.004545366857200861,0.04965566098690033,0.09151773899793625,0.039904046803712845,0.014259622432291508,0.007987720891833305,0.011181119829416275,0.004661590792238712,0.0027192290872335434,0.007833153009414673,0.006887298077344894,0.009101547300815582,0.002056027529761195,0.009896870702505112,0.0048508490435779095,0.01417730376124382,0.004946012981235981,0.01829550787806511,0.007064233534038067,0.008053581230342388,0.006212626118212938,0.00418227631598711,0.02714179828763008,0.005072793923318386,0.03756053373217583,0.03368161618709564,0.027531523257493973,0.002222476527094841,0.0022811568342149258,0.005285905674099922,0.001457126927562058,0.011710187420248985,0.0015058681601658463,0.0015375647926703095,0.0015026681357994676,0.011082487180829048,0.004073773510754108,0.0019633332267403603,0.004593553487211466,0.0030814018100500107,0.003523946274071932,0.0177353173494339,0.009805704466998577,0.015509331598877907,0.006145154125988483,0.0016583893448114395,0.006900084670633078,0.006653336342424154,0.007871978916227818,0.0047261882573366165,0.00293339928612113,0.0026068033184856176,0.008147064596414566,0.0028332052752375603,0.008792451582849026,0.007193228229880333,0.003467660630121827
M15,0.03633914887905121,0.017858894541859627,0.049037326127290726,0.004770534113049507,0.03050990402698517,0.010898135602474213,0.008827087469398975,0.013456336222589016,0.009247279725968838,0.008961519226431847,0.09034468233585358,0.010827606543898582,0.00468245055526495,0.0064753578044474125,0.010086667723953724,0.004409159999340773,0.006606509909033775,0.013279188424348831,0.028393395245075226,0.008880757726728916,0.0121240159496665,0.014569940976798534,0.005090636666864157,0.008473832160234451,0.008955310098826885,0.015225734561681747,0.007809869945049286,0.004986471962183714,0.010879423469305038,0.010214321315288544,0.005124105606228113,0.006102766841650009,0.007872438058257103,0.005572631489485502,0.011058400385081768,0.005689031910151243,0.013427283614873886,0.004957018420100212,0.017027398571372032,0.009351426735520363,0.0060607921332120895,0.005672996863722801,0.005060755182057619,0.032625749707221985,0.005370466969907284,0.06286085397005081,0.030198171734809875,0.018305568024516106,0.005560652352869511,0.01055215485394001,0.017674189060926437,0.004438641481101513,0.026141298934817314,0.008905751630663872,0.004187032114714384,0.004238918423652649,0.015106398612260818,0.011926328763365746,0.005227603483945131,0.005226918961852789,0.0077892872504889965,0.012098869308829308,0.004206029698252678,0.006961297709494829,0.014216644689440727,0.005265790969133377,0.004097668919712305,0.007740424480289221,0.008907167240977287,0.014935098588466644,0.013875346630811691,0.01241996418684721,0.013131714425981045,0.006725911051034927,0.0035029342398047447,0.006735704373568296,0.007676971144974232,0.005967911332845688
M16,0.006895329803228378,0.004426579922437668,0.00047218246618285775,0.00018790025205817074,0.0014067112933844328,0.0007851189002394676,0.5946136116981506,0.15437398850917816,0.03422500938177109,0.03419436886906624,0.000777868612203747,0.0021024136804044247,0.002471574116498232,0.002609992865473032,0.002663280349224806,0.0002472931519150734,0.0016446629306301475,0.0012837465619668365,0.0024311428423970938,0.0008084538276307285,0.0023581243585795164,0.0038914100732654333,0.004078694619238377,0.008527586236596107,0.0007069695275276899,0.0024704120587557554,0.0002951605711132288,0.002595308469608426,0.0029488378204405308,0.00017807542462833226,0.00012195136514492333,0.0009883912280201912,0.005540663376450539,0.0007910919957794249,0.008297149091959,0.00014702999033033848,0.003802272491157055,0.00022171350428834558,0.0006393423536792397,0.0012270831502974033,0.007923321798443794,0.0003423853777348995,0.0015837338287383318,0.0027917344123125076,0.010876143351197243,0.010700419545173645,0.0034779689740389585,0.004461231641471386,0.00032832432771101594,0.0010315870167687535,0.001132903853431344,0.00035205751191824675,0.0012663276866078377,0.0019991190638393164,0.00016227438754867762,0.00021683509112335742,0.0014715990982949734,0.0004638229147531092,0.00033904638257808983,0.00024284044047817588,0.002062874846160412,0.010275552980601788,0.000662424077745527,0.0005883785779587924,0.014648864045739174,0.00013215423678047955,0.00023492251057177782,0.0006803344003856182,0.009043840691447258,0.002369336085394025,0.0014365662354975939,0.000828087329864502,0.0009652875596657395,0.00022223868290893734,0.00020770725677721202,0.0018698652274906635,0.003762182779610157,0.0003972263657487929
M17,0.01370270736515522,0.018036184832453728,0.0076890019699931145,0.05788614600896835,0.009178721345961094,0.010143106803297997,0.06769178807735443,0.026398206129670143,0.01495254598557949,0.011263098567724228,0.014282554388046265,0.009797596372663975,0.011311004869639874,0.007952667772769928,0.0071418085135519505,0.004506638739258051,0.013934114947915077,0.006833801046013832,0.016544241458177567,0.0065099988132715225,0.008259912952780724,0.007284810766577721,0.010465221479535103,0.007579527795314789,0.020710131153464317,0.014863459393382072,0.006218168884515762,0.0054540508426725864,0.00831947848200798,0.005291546694934368,0.006552134174853563,0.005956894718110561,0.013387522660195827,0.007186606526374817,0.0078031523153185844,0.011894319206476212,0.010462903417646885,0.005185468588024378,0.010336071252822876,0.009263910353183746,0.006562197580933571,0.007032004650682211,0.011107614263892174,0.007690553553402424,0.01763598993420601,0.026750829070806503,0.00992472656071186,0.007327004335820675,0.006764708552509546,0.08522453904151917,0.009576888754963875,0.004960167687386274,0.010285419411957264,0.015829140320420265,0.004151069093495607,0.005923486314713955,0.009010639041662216,0.009565817192196846,0.006690111011266708,0.007467792369425297,0.011973094195127487,0.006375498604029417,0.0070547969080507755,0.007410341873764992,0.03674960881471634,0.00544970715418458,0.007066772319376469,0.00696711428463459,0.015174541622400284,0.010136935859918594,0.012530617415904999,0.008730994537472725,0.01929451711475849,0.008320464752614498,0.0035182989668101072,0.03011210635304451,0.00916836503893137,0.006254275795072317
M18,0.013003088533878326,0.0018067434430122375,0.004692500457167625,0.00459084939211607,0.0037955588195472956,0.009561758488416672,0.002212763763964176,0.07499822974205017,0.02227821946144104,0.013683569617569447,0.0032114675268530846,0.0045578330755233765,0.0021863686852157116,0.0031320496927946806,0.003103378228843212,0.002277565887197852,0.00380184268578887,0.06845670193433762,0.0021241263020783663,0.0034819263964891434,0.035385362803936005,0.007499951869249344,0.003740474581718445,0.006656114477664232,0.0022456508595496416,0.0028651952743530273,0.022254429757595062,0.004058678634464741,0.0025932288262993097,0.08257021009922028,0.021375805139541626,0.0028411534149199724,0.0062935021705925465,0.002296268008649349,0.011534016579389572,0.0038370401598513126,0.004055503755807877,0.007909901440143585,0.002312214346602559,0.01598387584090233,0.00659917900338769,0.004034432582557201,0.002480829367414117,0.04550091177225113,0.008908020332455635,0.04117633029818535,0.0032030523288995028,0.019899703562259674,0.010624632239341736,0.0024614830035716295,0.005230527371168137,0.0060111405327916145,0.003049282357096672,0.002769563114270568,0.004688399378210306,0.008593734353780746,0.0038697789423167706,0.003438997780904174,0.0021002362482249737,0.009687529876828194,0.006368307396769524,0.0025058374740183353,0.0018213132862001657,0.015005598776042461,0.002468361519277096,0.005362566094845533,0.001778189791366458,0.003444333327934146,0.004735967144370079,0.031570903956890106,0.07079879194498062,0.08051250874996185,0.002896792022511363,0.0033102049492299557,0.0023135729134082794,0.005182902794331312,0.010427686385810375,0.05990324914455414
M19,0.009345351718366146,0.0027459219563752413,0.0010268311016261578,0.0006751116015948355,0.0024180924519896507,0.0012897192500531673,0.5738482475280762,0.12759719789028168,0.03222658485174179,0.03273182362318039,0.001705763628706336,0.002528047189116478,0.001443600980564952,0.003679093671962619,0.0024548741057515144,0.00040058972081169486,0.002896744990721345,0.0022009050007909536,0.00391332758590579,0.0008910347823984921,0.0029203947633504868,0.005420023575425148,0.003798827761784196,0.007509700022637844,0.0021865572780370712,0.0025507493410259485,0.0005989724304527044,0.0016768967034295201,0.003310190513730049,0.00036616643774323165,0.00022773741511628032,0.003595063928514719,0.010380800813436508,0.0003382608119864017,0.007477463223040104,0.0005197770660743117,0.008574776351451874,0.000352339877281338,0.001634916290640831,0.0024966394994407892,0.010186625644564629,0.0005844068946316838,0.0018199149053543806,0.004012198653072119,0.012920474633574486,0.012502513825893402,0.0031015307176858187,0.0024207367096096277,0.0002981100114993751,0.004663173574954271,0.0012677991762757301,0.0009434274397790432,0.002103106351569295,0.0053313844837248325,0.0003568751853890717,0.0004743191529996693,0.0018733260221779346,0.0014745376538485289,0.0003871309454552829,0.0003960621543228626,0.0018075951375067234,0.01099044643342495,0.0010871321428567171,0.0006750326137989759,0.02032475918531418,0.00045387394493445754,0.0005014959024265409,0.00025002402253448963,0.009387454017996788,0.0015543516492471099,0.0023666650522500277,0.0018564993515610695,0.0006156121962703764,0.00036253462894819677,0.00025562584050931036,0.002472242573276162,0.005658834241330624,0.00030699785565957427
M20,0.06950967758893967,0.01636081375181675,0.019822383299469948,0.00014640875451732427,0.10536324977874756,0.01899747923016548,0.004132140893489122,0.001116788131184876,0.0020171261858195066,0.0031606825068593025,0.1078442707657814,0.16814500093460083,0.002974758855998516,0.0032907065469771624,0.013198611326515675,0.00079205387737602,0.0005172120872884989,0.004840253386646509,0.013576545752584934,0.0030345020350068808,0.01013847067952156,0.0032404933590441942,0.007370381150394678,0.021352099254727364,0.03242291882634163,0.02385590970516205,0.0014044779818505049,0.014338463544845581,0.00426028948277235,0.0005714417202398181,0.00032834470039233565,0.0024920515716075897,0.004247718490660191,0.0009591517737135291,0.003387976670637727,0.0008737667230889201,0.030523138120770454,0.0004891351563856006,0.01836506649851799,0.0020992872305214405,0.009463144466280937,0.0008843166287988424,0.00649293651804328,0.04408317431807518,0.0006402215803973377,0.018931858241558075,0.015569431707262993,0.009533021599054337,0.0013030117843300104,0.0017198376590386033,0.0054402039386332035,0.00048461990081705153,0.011889827437698841,0.008444197475910187,7.348903454840183e-05,7.921168435132131e-05,0.011632806621491909,0.004366311244666576,0.000312448653858155,0.00016964100359473377,0.0017190722282975912,0.0009903835598379374,0.0020058138761669397,0.002409304492175579,0.015156891196966171,0.0012223254889249802,0.00023119268007576466,0.011407268233597279,0.02917012944817543,0.006959632504731417,0.000916890159714967,0.0015118068549782038,0.0032756729051470757,0.001289135660044849,0.00020525934814941138,0.005624443758279085,0.022433608770370483,0.0003962088958360255
M21,0.1577446460723877,0.012332011945545673,0.0034351288340985775,0.0005676092696376145,0.23962698876857758,0.01697116531431675,0.002461947500705719,0.005676222033798695,0.000144019111758098,0.005984545219689608,0.1045917272567749,0.019464250653982162,0.0004303393652662635,0.005169657990336418,0.010918118059635162,0.000251554447459057,0.0009143491042777896,0.008803309872746468,0.013723394833505154,0.000187513287528418,0.017661981284618378,0.009819144383072853,6.078817750676535e-05,0.0008362089865840971,0.036855995655059814,0.03037206269800663,0.00030718461493961513,0.015862297266721725,0.001171030686236918,0.0013526531402021646,0.0031899255700409412,0.0007075637113302946,0.0008809747523628175,9.764907008502632e-05,0.0007021377678029239,0.003111398546025157,0.03528660163283348,0.0006926043424755335,0.015625623986124992,0.0005147811607457697,0.015786664560437202,0.0006091773393563926,0.005962507799267769,0.02114364504814148,0.00034607414272613823,0.0115760937333107,0.0640939250588417,0.002377712167799473,0.0027676403988152742,0.00030381741817109287,0.0005093130166642368,5.2827315812464803e-05,0.003639077767729759,0.00029284358606673777,0.00012506279745139182,2.8469094104366377e-05,0.020818624645471573,0.0038287017960101366,0.0001300221774727106,0.00019601715030148625,0.00015303648251574486,8.230919775087386e-05,0.0004957973724231124,0.00036362098762765527,0.005988140590488911,8.47905466798693e-05,0.0005126776522956789,0.0034799675922840834,0.02456459403038025,0.003918366506695747,0.004361690953373909,0.0007565496489405632,0.0019088246626779437,6.518161535495892e-05,0.00013635061623062938,0.008025332354009151,0.005902253091335297,0.00010515842586755753
M22,0.01782897301018238,0.0036980595905333757,0.007275682874023914,0.006619141902774572,0.007865163497626781,0.011879580095410347,0.0053397417068481445,0.04760082811117172,0.015850821509957314,0.016624175012111664,0.005347929894924164,0.011487874202430248,0.003710789605975151,0.004605250433087349,0.00487723620608449,0.0038431580178439617,0.006965205539017916,0.04718628525733948,0.004174799658358097,0.004988691303879023,0.018846865743398666,0.010701226070523262,0.004515596199780703,0.010454493574798107,0.005025689490139484,0.005694074090570211,0.018947962671518326,0.005179108586162329,0.004698243457823992,0.06813463568687439,0.02294621244072914,0.005100929643958807,0.007204962894320488,0.004537081345915794,0.009931321255862713,0.008125383406877518,0.006875638850033283,0.006532252766191959,0.005106205120682716,0.014725295826792717,0.008798912167549133,0.006897816900163889,0.003991714678704739,0.038688670843839645,0.008049679920077324,0.032576993107795715,0.0055581945925951,0.028846241533756256,0.011603557504713535,0.005419296212494373,0.006380164064466953,0.007467817049473524,0.005267327651381493,0.0052445633336901665,0.005422757938504219,0.010222310200333595,0.0065392316319048405,0.004067571833729744,0.005315560847520828,0.016338638961315155,0.005010122898966074,0.004418361932039261,0.004270325414836407,0.01949586719274521,0.004521928261965513,0.005323600023984909,0.005684785079210997,0.006117791403084993,0.00631240988150239,0.02335939183831215,0.0639682337641716,0.057354047894477844,0.005138651933521032,0.0060752336867153645,0.004543978720903397,0.008781775832176208,0.015024298802018166,0.050849590450525284
M23,0.013512265868484974,0.011808092705905437,0.013593025505542755,0.013891555368900299,0.011891958303749561,0.012898712418973446,0.012434049509465694,0.011284478940069675,0.012392696924507618,0.010578259825706482,0.013573350384831429,0.014035480096936226,0.012635680846869946,0.01325419545173645,0.013132836669683456,0.010425329208374023,0.012806984595954418,0.01324872300028801,0.012930246070027351,0.013822746463119984,0.013660853728652,0.01165195181965828,0.0111886290833354,0.014057067222893238,0.011352171190083027,0.014224084094166756,0.012980619445443153,0.013987090438604355,0.012908674776554108,0.012817781418561935,0.013169949874281883,0.014016373082995415,0.012913813814520836,0.012435655109584332,0.013069712556898594,0.013133891858160496,0.01119815744459629,0.011827557347714901,0.012854749336838722,0.011552650481462479,0.01362118124961853,0.013274556025862694,0.01261780597269535,0.011077219620347023,0.01353691890835762,0.013399623334407806,0.014056798070669174,0.012312880717217922,0.012370208278298378,0.012317507527768612,0.012096583843231201,0.013872293755412102,0.013094525784254074,0.010672453790903091,0.012832028791308403,0.012451671995222569,0.014096810482442379,0.013948207721114159,0.012972378171980381,0.011437132954597473,0.012625466100871563,0.013340598903596401,0.014552576467394829,0.013659345917403698,0.012404150329530239,0.0138314887881279,0.012597277760505676,0.013909514993429184,0.0123924370855093,0.012352160178124905,0.014731992036104202,0.013380687683820724,0.012689847499132156,0.013078598305583,0.012265311554074287,0.01291161123663187,0.01205507293343544,0.012010951526463032
M24,0.0336456261575222,0.26603832840919495,0.014948731288313866,0.0006274654879234731,0.03565235063433647,0.005530655849725008,0.008983195759356022,0.0007140549132600427,0.0003730953030753881,0.002940430771559477,0.05482294037938118,0.007160255219787359,0.0011491328477859497,0.012532082386314869,0.0007905020611360669,6.658150959992781e-05,0.00017452746396884322,0.008528335019946098,0.29238441586494446,0.006264427676796913,0.00952307227998972,0.003083736402913928,0.00026723448536358774,0.005785190034657717,0.0078499224036932,0.02592044696211815,0.0022163400426506996,0.0029622383881360292,0.0005393759347498417,0.00017056745127774775,0.0005980883724987507,0.0006787733873352408,0.0029459029901772738,0.0003559321048669517,0.0002113957452820614,0.0036029075272381306,0.02843991108238697,0.0001518749922979623,0.00366817694157362,0.0004951125010848045,0.008172963745892048,0.000868454109877348,0.00014777330216020346,0.014071281999349594,0.0018452979857102036,0.04614445939660072,0.021734444424510002,0.008979556150734425,0.00019796039850916713,0.00047056013136170805,0.0012777477968484163,0.00032725947676226497,0.008348153904080391,0.0014254003763198853,5.5292977776844054e-05,0.00022211941541172564,0.003961533773690462,0.00032611555070616305,5.783287633676082e-05,0.0002726665115915239,0.00024216933525167406,0.0012973810080438852,0.00016032310668379068,0.00023353422875516117,0.0013599059311673045,0.0007847164524719119,0.00025318984990008175,0.0007950490107759833,0.0065069664269685745,0.0020234212279319763,0.002178983297199011,0.0007908965926617384,0.003406111616641283,0.0006828095065429807,5.198073267820291e-05,0.0036685739178210497,0.0035314448177814484,0.00033232138957828283
M25,0.08105237782001495,0.0023441414814442396,0.006319526582956314,0.0016257890965789557,0.2017723023891449,0.006020070053637028,0.006011792458593845,0.002216050634160638,0.005048089195042849,0.002846210030838847,0.025916259735822678,0.009853399358689785,0.0009832667419686913,0.0012382257264107466,0.0025369443465024233,0.0005295280716381967,0.0028849071823060513,0.010980815626680851,0.004523894749581814,0.001597125083208084,0.004557856824249029,0.0167672261595726,0.0012198026524856687,0.000773582432884723,0.00413634954020381,0.029971089214086533,0.0029574246145784855,0.005773043259978294,0.012631535530090332,0.004331923555582762,0.001092281425371766,0.006405911408364773,0.017888113856315613,0.0013960464857518673,0.004295492544770241,0.0006934646517038345,0.02073318511247635,0.0018773226765915751,0.030386649072170258,0.004632664378732443,0.002040943130850792,0.00157827022485435,0.002115556038916111,0.0358881875872612,0.0076972199603915215,0.036601774394512177,0.08957003802061081,0.0033309354912489653,0.00263393996283412,0.016550911590456963,0.004117761738598347,0.0013137042988091707,0.020057905465364456,0.006416386924684048,0.00033816718496382236,0.0006669542635791004,0.005743997171521187,0.0331808477640152,0.005307565443217754,0.0018314521294087172,0.019566528499126434,0.002166751539334655,0.0010621785186231136,0.005082073621451855,0.0726134404540062,0.0007070408901199698,0.005139469169080257,0.006124023348093033,0.013206016272306442,0.009160971269011497,0.006233504973351955,0.0043325116857886314,0.00667488994076848,0.0013430234976112843,0.0006178771145641804,0.013417154550552368,0.005759736057370901,0.0009885961189866066
M26,0.015447242185473442,0.014992759563028812,0.012922680005431175,0.010586058720946312,0.011706658639013767,0.013756971806287766,0.013357285410165787,0.010545649565756321,0.015194669365882874,0.010285073891282082,0.010296874679625034,0.012424868531525135,0.00849123951047659,0.01558842882514,0.011319306679069996,0.009205362759530544,0.010166198946535587,0.01441839151084423,0.012108802795410156,0.011980939656496048,0.010130095295608044,0.011166926473379135,0.011218437924981117,0.011856687255203724,0.008998000994324684,0.017400451004505157,0.011277267709374428,0.00926291849464178,0.015919668599963188,0.00876673124730587,0.00915060006082058,0.016687672585248947,0.009783811867237091,0.011766656301915646,0.00984972808510065,0.008944395929574966,0.012575439177453518,0.01084345206618309,0.016198402270674706,0.011023706756532192,0.011822906322777271,0.01011135708540678,0.00871256273239851,0.015739623457193375,0.012423324398696423,0.01530943252146244,0.010411066003143787,0.011280578561127186,0.010550391860306263,0.04878652095794678,0.013210573233664036,0.00928562507033348,0.019545556977391243,0.014814699999988079,0.006378637161105871,0.009172441437840462,0.010560546070337296,0.009001320227980614,0.009748920798301697,0.02284958027303219,0.01724482886493206,0.008816368877887726,0.013400865718722343,0.011713553220033646,0.03002525120973587,0.010138183832168579,0.015139719471335411,0.011508959345519543,0.014761457219719887,0.016832074150443077,0.021053988486528397,0.008186876773834229,0.00948292389512062,0.011645734310150146,0.008181694895029068,0.010806795209646225,0.015493434853851795,0.008235094137489796
M27,0.03583565354347229,0.0058981990441679955,0.005907777696847916,0.004565817769616842,0.021073125302791595,0.008135930635035038,0.015798188745975494,0.00722155999392271,0.01296333596110344,0.005060161929577589,0.005395206622779369,0.008502436801791191,0.007004773244261742,0.006726544350385666,0.004461132921278477,0.002017963444814086,0.008855778723955154,0.010574954561889172,0.007452105171978474,0.004563774913549423,0.009492343291640282,0.011474850587546825,0.004505162127315998,0.003426489420235157,0.006443839054554701,0.01929152011871338,0.008557123132050037,0.004291147459298372,0.007910464890301228,0.008736977353692055,0.003190018702298403,0.003929790109395981,0.02249368280172348,0.002671650145202875,0.004611365497112274,0.003660364542156458,0.01344568096101284,0.0103093720972538,0.01600690372288227,0.007843069732189178,0.005426507443189621,0.0032990213949233294,0.0028163595125079155,0.020191434770822525,0.012051110155880451,0.04289844632148743,0.005979315377771854,0.007677031680941582,0.007829142734408379,0.058518171310424805,0.006958615034818649,0.0035036441404372454,0.039970763027668,0.018111761659383774,0.001893384731374681,0.002440475160256028,0.004725548438727856,0.017398197203874588,0.0049117254093289375,0.005022104829549789,0.032986581325531006,0.006262493785470724,0.001787093235179782,0.012783422134816647,0.17868807911872864,0.004438241012394428,0.00664769671857357,0.006631762720644474,0.022688519209623337,0.013921947218477726,0.028535060584545135,0.008428176864981651,0.008364510722458363,0.004670323804020882,0.0022842958569526672,0.015358231961727142,0.007492366712540388,0.006102185230702162
M28,0.1532549262046814,0.0011717595625668764,0.002856031060218811,0.0006616457249037921,0.2566712498664856,0.006909103132784367,0.0038593381177634,0.004401933401823044,0.001306531485170126,0.005589401349425316,0.0853000208735466,0.01253157015889883,0.00030095342663116753,0.0014647063799202442,0.003910284489393234,0.0003483387117739767,0.0013088524574413896,0.024515125900506973,0.004450267180800438,0.0015870541101321578,0.010044518858194351,0.01994219608604908,0.00038406276144087315,0.000276205682894215,0.010909926146268845,0.0440569706261158,0.0006031665252521634,0.00539182685315609,0.000718152616173029,0.014432876370847225,0.002222051378339529,0.002431834815070033,0.0038452008739113808,0.0002108308399328962,0.0004403869097586721,0.001395108294673264,0.024432089179754257,0.0020795930176973343,0.03804662451148033,0.002930463058874011,0.0048414249904453754,0.0019782213494181633,0.0008200115989893675,0.02455798164010048,0.0033950062934309244,0.023920655250549316,0.018422814086079597,0.001562415505759418,0.0015297848731279373,0.004800323862582445,0.007454899605363607,0.000998284900560975,0.013028919696807861,0.0009418975096195936,0.00013877842866349965,0.0001561011013109237,0.014918474480509758,0.010651291348040104,0.0006009036442264915,0.003061185358092189,0.0033740520011633635,0.00045743933878839016,0.000858352635987103,0.0010688576148822904,0.020514797419309616,0.00030107059865258634,0.005232467316091061,0.009961817413568497,0.024873318150639534,0.0032247232738882303,0.005407785065472126,0.003138940781354904,0.013312936760485172,0.00023666105698794127,0.00037419944419525564,0.010709425434470177,0.0010363429319113493,0.0009442343725822866
M29,0.044535983353853226,0.014100237749516964,0.0036750431172549725,0.0005685575888492167,0.006249124649912119,0.01341780461370945,0.26375988125801086,0.07141798734664917,0.022952351719141006,0.024466371163725853,0.0353967547416687,0.007741326000541449,0.006051207426935434,0.006539599504321814,0.004237290937453508,0.0006083732005208731,0.001509889611043036,0.00838436558842659,0.009111115708947182,0.0016442046035081148,0.006811955012381077,0.007087548263370991,0.03549465909600258,0.0711182951927185,0.020472906529903412,0.009068230167031288,0.0010287445038557053,0.010334274731576443,0.006271360442042351,0.0010728416964411736,0.0008360896608792245,0.001959085464477539,0.005628849845379591,0.0005738800973631442,0.013177460059523582,0.0006136028096079826,0.011562548577785492,0.0011766405077651143,0.01091410219669342,0.004957559984177351,0.00926921609789133,0.0016197642544284463,0.001986617688089609,0.02022399753332138,0.006155726034194231,0.0182039737701416,0.07249841094017029,0.008587836287915707,0.0006395672098733485,0.00145906419493258,0.005898609291762114,0.0008256242726929486,0.004242285154759884,0.0013358935248106718,0.0005292633431963623,0.0006794269429519773,0.006375876255333424,0.0012208439875394106,0.0003873781533911824,0.00044322136091068387,0.0012573879212141037,0.005827493499964476,0.0006467662169598043,0.007530391216278076,0.013306316919624805,0.0022781044244766235,0.0004981458769179881,0.0018488119821995497,0.010749691165983677,0.0037016295827925205,0.002108704997226596,0.002521517453715205,0.0007786485366523266,0.0017623045714572072,0.0007670726627111435,0.005816682241857052,0.008674707263708115,0.0008149212226271629
M30,0.10340790450572968,0.0058246878907084465,0.0023079956881701946,0.0021148575469851494,0.0013090104330331087,0.08300792425870895,0.004311328288167715,0.012067627161741257,0.010369221679866314,0.000763760763220489,0.023398177698254585,0.001473831245675683,0.004567863419651985,0.009788388386368752,0.01915300078690052,0.00039838181692175567,0.004557012114673853,0.021741833537817,0.0018581269541755319,0.011507801711559296,0.04220515862107277,0.0025089788250625134,0.006190652959048748,0.023149123415350914,0.005539999809116125,0.0013175159692764282,0.05466084182262421,0.03143557906150818,0.0013541931984946132,0.004872189834713936,0.0018269441789016128,0.005374655593186617,0.13948661088943481,0.00043629013816826046,0.0036418004892766476,0.0014780389610677958,0.014582614414393902,0.004444420337677002,0.005219367798417807,0.0028133783489465714,0.0314483568072319,0.002346578985452652,0.001397823798470199,0.013625334948301315,0.0027217669412493706,0.0009456898551434278,0.002331281080842018,0.0019471377599984407,0.0036763560492545366,0.005828269757330418,0.13921798765659332,0.0027277222834527493,0.006279793102294207,0.0007609043386764824,0.0024455017410218716,0.005822109989821911,0.003775919321924448,0.0006545187206938863,0.00045725854579359293,0.0033526220358908176,0.036010000854730606,0.0017961262492462993,0.0005394902545958757,0.007621734403073788,0.019573114812374115,0.007214004639536142,0.00040770540363155305,0.001587249687872827,0.002829256933182478,0.0038657519035041332,0.002244051778689027,0.0023215082474052906,0.0007955018663778901,0.00035994339850731194,0.0005220828461460769,0.002372905844822526,0.0007816959987394512,0.0009278405923396349
M31,0.040465425699949265,0.010120179504156113,0.013042446225881577,0.0069315568543970585,0.06635008752346039,0.006778648588806391,0.010954288765788078,0.00513484375551343,0.00436798669397831,0.012757821008563042,0.018860196694731712,0.010244250297546387,0.07438905537128448,0.014737593941390514,0.0055391183122992516,0.011363238096237183,0.009205085225403309,0.013580354861915112,0.007139631547033787,0.025099268183112144,0.019967567175626755,0.010376582853496075,0.005933888256549835,0.003507972229272127,0.015698766335844994,0.014880457893013954,0.006677631288766861,0.014571172185242176,0.005876974668353796,0.005287934094667435,0.006991520524024963,0.005975228268653154,0.007332083769142628,0.0047679478302598,0.011904547922313213,0.009851295500993729,0.012818943709135056,0.006371296010911465,0.010486602783203125,0.00828316155821085,0.00699765095487237,0.007958302274346352,0.15462945401668549,0.009772032499313354,0.008466060273349285,0.004419868811964989,0.021162766963243484,0.0038512488827109337,0.00891436729580164,0.006858125329017639,0.007120264694094658,0.007398002780973911,0.007011830806732178,0.0037857722491025925,0.006116497330367565,0.0056559015065431595,0.009390460327267647,0.006649033632129431,0.01261947862803936,0.004311228636652231,0.00505296653136611,0.0035809939727187157,0.012407813221216202,0.008334122598171234,0.00870143435895443,0.020662153139710426,0.0038591036573052406,0.008353851735591888,0.013197697699069977,0.00592446606606245,0.006400801241397858,0.00820503942668438,0.006635363679379225,0.004620855208486319,0.0045875501818954945,0.006462587043642998,0.008079265244305134,0.007222912274301052
M32,0.13034339249134064,0.0384271964430809,0.006480133160948753,0.0002873138291761279,0.08987544476985931,0.02690911665558815,0.009266826324164867,0.00784715823829174,0.0007438004831783473,0.005002115853130817,0.07352706044912338,0.01273362711071968,0.003919992130249739,0.011108729988336563,0.029620520770549774,0.0008656391291879117,0.0007579273660667241,0.006397972349077463,0.03474356234073639,0.0018432170618325472,0.016875309869647026,0.010713348165154457,0.004650929477065802,0.011526403948664665,0.08957220613956451,0.02113599143922329,0.0006777267553843558,0.019657444208860397,0.0016196082578971982,9.435388346901163e-05,0.001900392584502697,0.001114073907956481,0.0030252323485910892,0.0005794824101030827,0.0014246867503970861,0.003039583330973983,0.02361561730504036,0.00044411307317204773,0.011552420444786549,0.0006599062471650541,0.019855163991451263,0.0025234215427190065,0.008699948899447918,0.02188270539045334,0.00016771511582192034,0.020218007266521454,0.0910365954041481,0.010096435435116291,0.0005461134715005755,7.110221486072987e-05,0.002672480186447501,0.00010497904440853745,0.005762828513979912,0.0012307685101404786,9.065572521649301e-05,5.65695772820618e-05,0.019222736358642578,0.0002054739452432841,0.00013799210137221962,7.729153003310785e-05,8.913785859476775e-05,0.00015171869017649442,0.002048820722848177,0.004882353357970715,0.01249207928776741,0.0013907898683100939,0.00012142292689532042,0.003318342613056302,0.014429476112127304,0.006351441144943237,0.0010179412784054875,0.0008831162704154849,0.0018989469390362501,0.003038964932784438,0.0001970189914572984,0.012090181931853294,0.016177255660295486,0.000182433970621787
M33,0.018136167898774147,0.005353834480047226,0.014594698324799538,0.007769584655761719,0.009213517419993877,0.021912507712841034,0.00672130985185504,0.043827660381793976,0.016300810500979424,0.008177291601896286,0.008322383277118206,0.00994898285716772,0.0053673419170081615,0.007375595159828663,0.006273322738707066,0.005311358254402876,0.009176535531878471,0.02944265864789486,0.005185870919376612,0.0064997244626283646,0.021102851256728172,0.012855492532253265,0.005830001551657915,0.006309780292212963,0.006135457195341587,0.00706764729693532,0.01979946531355381,0.009801670908927917,0.005969461053609848,0.05931299179792404,0.01642182283103466,0.0070119514130055904,0.00854206457734108,0.006131755653768778,0.008572043851017952,0.009275932796299458,0.008980661630630493,0.01178774330765009,0.00784570723772049,0.014295831322669983,0.007149850483983755,0.010355433449149132,0.007358982227742672,0.024494774639606476,0.012861203402280807,0.031331948935985565,0.007452177815139294,0.017737269401550293,0.022208144888281822,0.007156594190746546,0.008623716421425343,0.0140559496358037,0.00892643816769123,0.006423371843993664,0.005597411654889584,0.011701731011271477,0.008039914071559906,0.0054997229017317295,0.007382892072200775,0.01828523725271225,0.007130187936127186,0.00535415718331933,0.004803181160241365,0.021736107766628265,0.005910055246204138,0.01280909962952137,0.006165621802210808,0.009502599015831947,0.010496302507817745,0.018921207636594772,0.04769075661897659,0.03588047996163368,0.0070758601650595665,0.005916307680308819,0.007175200153142214,0.009713776409626007,0.014006610959768295,0.029108216986060143
M34,0.1597021222114563,0.021464571356773376,0.003089616075158119,0.0007186246803030372,0.15098224580287933,0.025356262922286987,0.008073028177022934,0.008212068118155003,0.0004098648496437818,0.005540721584111452,0.07671724259853363,0.013767204247415066,0.001734614372253418,0.007957009598612785,0.022748973220586777,0.0009658170747570693,0.0008298473549075425,0.008232341147959232,0.01909271813929081,0.0005002541001886129,0.022516965866088867,0.010764509439468384,8.419105870416388e-05,0.0021871484350413084,0.04964842274785042,0.021828724071383476,0.0007708359626121819,0.020581185817718506,0.003786266315728426,0.0003072971885558218,0.0036367964930832386,0.004170205444097519,0.0008517227252013981,0.0001515281619504094,0.0005249084206297994,0.003877539187669754,0.023567095398902893,0.0002677403390407562,0.011335675604641438,0.0006538297748193145,0.021953193470835686,0.0007527999114245176,0.008317507803440094,0.018981337547302246,9.37509466893971e-05,0.013150976970791817,0.10814914107322693,0.00766358757391572,0.0019743023440241814,0.00018030918727163225,0.0009154427098110318,0.00017420966469217092,0.002257023472338915,0.0008003520779311657,0.00014792350702919066,5.993594822939485e-05,0.023414982482790947,0.0012523254845291376,0.0001886151876533404,0.00012318836525082588,0.00016230306937359273,0.00013094523455947638,0.0014475829666480422,0.0025063366629183292,0.012484029866755009,0.00010710714559536427,0.0002536735846661031,0.0015980026219040155,0.018548309803009033,0.004508489277213812,0.0038847471587359905,0.0012815460795536637,0.0012378281680867076,0.0002606070484034717,0.0006799812545068562,0.011531494557857513,0.011009357869625092,0.00020896768546663225
M35,0.012328162789344788,0.012491601519286633,0.013876982033252716,0.011742118746042252,0.01546022854745388,0.01258169487118721,0.012408114038407803,0.01388807687908411,0.0110651645809412,0.013677387498319149,0.012347124516963959,0.012857832945883274,0.011157415807247162,0.014199868775904179,0.012889917939901352,0.012226240709424019,0.014536960981786251,0.013130742125213146,0.012604638002812862,0.011515923775732517,0.01272316463291645,0.01106968056410551,0.012231097556650639,0.013276939280331135,0.013789990916848183,0.011928978376090527,0.011978686787188053,0.011126784607768059,0.013135570101439953,0.014015420340001583,0.013445538468658924,0.0122993690893054,0.012989969924092293,0.014363227412104607,0.010960939340293407,0.013628608547151089,0.014249320141971111,0.011799278669059277,0.01254110038280487,0.01307564228773117,0.012969032861292362,0.01043720543384552,0.012403523549437523,0.01342062745243311,0.011799895204603672,0.012252838350832462,0.013174925930798054,0.013230806216597557,0.014450764283537865,0.012675439938902855,0.01421795878559351,0.013969643041491508,0.012163253501057625,0.011961841955780983,0.012287666089832783,0.012034706771373749,0.013783479109406471,0.013469882309436798,0.013257665559649467,0.012508169747889042,0.010957627557218075,0.012507841922342777,0.012608634307980537,0.013618324883282185,0.012895514257252216,0.013426186516880989,0.014109388925135136,0.013540900312364101,0.012843010947108269,0.013054735027253628,0.012432544492185116,0.012992280535399914,0.012797691859304905,0.013126949779689312,0.012663882225751877,0.011926433071494102,0.012649431824684143,0.013763770461082458
M36,0.033175669610500336,0.008549482561647892,0.0019857175648212433,0.0015306563582271338,0.0016467871610075235,0.1582924872636795,0.0027811280451714993,0.00527099147439003,0.008771149441599846,0.0026789859402924776,0.014193576760590076,0.0012633510632440448,0.02851044572889805,0.017450686544179916,0.013954618945717812,0.0015033219242468476,0.03338697925209999,0.013527719303965569,0.0032857288606464863,0.04441027343273163,0.09977833926677704,0.001959640998393297,0.00836964137852192,0.018969295546412468,0.0030721446964889765,0.0034832782112061977,0.03928975388407707,0.05658849701285362,0.002449355088174343,0.0026949034072458744,0.0033134939149022102,0.0037180068902671337,0.058254435658454895,0.0011853191535919905,0.024310514330863953,0.0016411039978265762,0.0075218467973172665,0.003990803379565477,0.008998089469969273,0.0049773030914366245,0.01518993079662323,0.0016869395039975643,0.001724826404824853,0.010672228410840034,0.0035128688905388117,0.002704702317714691,0.002179217990487814,0.002231262857094407,0.002123655518516898,0.00943669117987156,0.08048070222139359,0.001498164958320558,0.004579066298902035,0.0020039784722030163,0.0038326503708958626,0.003414734033867717,0.005570824723690748,0.0012290875893086195,0.0016614985652267933,0.002406166633591056,0.011178594082593918,0.0015618279576301575,0.0014074421487748623,0.012504050508141518,0.009904375299811363,0.016148369759321213,0.0014244996709749103,0.008585733361542225,0.0027911344077438116,0.002937078010290861,0.002407714491710067,0.008339107036590576,0.0015551804099231958,0.0014369022101163864,0.0012825003359466791,0.004094659350812435,0.0019635639619082212,0.0016025518998503685
M37,0.011097806505858898,0.01268298365175724,0.012476191855967045,0.01364840753376484,0.01150941476225853,0.012888127937912941,0.01406865008175373,0.012487133964896202,0.01143687404692173,0.011648965068161488,0.012325678020715714,0.012476448900997639,0.016056418418884277,0.012634574435651302,0.011969607323408127,0.012641666457057,0.012652350589632988,0.013895365409553051,0.014353422448039055,0.012060959823429585,0.012378357350826263,0.013567879796028137,0.012138727121055126,0.015672534704208374,0.011183362454175949,0.012285535223782063,0.012924292124807835,0.01157515961676836,0.010665812529623508,0.010986307635903358,0.01221827045083046,0.011738494038581848,0.014328736811876297,0.012717794626951218,0.013917275704443455,0.011487350799143314,0.01414724811911583,0.013899479061365128,0.012946447357535362,0.01531713642179966,0.010763117112219334,0.010519987903535366,0.01130688562989235,0.011988895945250988,0.009923381730914116,0.01489387545734644,0.014316377229988575,0.012841079384088516,0.010038315318524837,0.018365461379289627,0.013804320245981216,0.01346767507493496,0.012350356206297874,0.016682837158441544,0.012895959429442883,0.012184374034404755,0.012848859652876854,0.011106996797025204,0.009945837780833244,0.012148180045187473,0.015018807724118233,0.011114952154457569,0.013775438070297241,0.01305233221501112,0.015883389860391617,0.012364144437015057,0.012844018638134003,0.011333456262946129,0.012881663627922535,0.012804973870515823,0.016278276219964027,0.011718923225998878,0.01374005526304245,0.012222816236317158,0.009931337088346481,0.012059487402439117,0.016234049573540688,0.013241834938526154
M38,0.01239484827965498,0.011196226812899113,0.012196460738778114,0.013479925692081451,0.013342875987291336,0.012717492878437042,0.013859037309885025,0.012553631328046322,0.012812438420951366,0.012427138164639473,0.014001533389091492,0.011467644944787025,0.011524000205099583,0.01109522208571434,0.013602999970316887,0.014759719371795654,0.010681883431971073,0.011461814865469933,0.012789788655936718,0.012310524471104145,0.013182999566197395,0.012040483765304089,0.011583546176552773,0.013608619570732117,0.013932701200246811,0.012562311254441738,0.014082659035921097,0.012636237777769566,0.01248604990541935,0.012073429301381111,0.012334469705820084,0.013186409138143063,0.011976514011621475,0.012501303106546402,0.013345091603696346,0.013165830634534359,0.012358752079308033,0.012209033593535423,0.014078564941883087,0.012823551893234253,0.012189053930342197,0.013113926164805889,0.0144351189956069,0.01448102854192257,0.011495118960738182,0.012607067823410034,0.013134807348251343,0.013771800324320793,0.013163745403289795,0.011165421456098557,0.014882249757647514,0.01455015316605568,0.012339445762336254,0.01578085869550705,0.011593462899327278,0.013179964385926723,0.011375507339835167,0.012907838448882103,0.013064470142126083,0.011761127039790154,0.012795675545930862,0.012486068531870842,0.013515662401914597,0.012566914781928062,0.011415156535804272,0.014051102101802826,0.010835575871169567,0.013258463703095913,0.013348649255931377,0.012345843017101288,0.012448255904018879,0.013708729296922684,0.01142057590186596,0.014224257320165634,0.014090277254581451,0.014225761406123638,0.011239241808652878,0.01418783888220787
M39,0.013755586929619312,0.013291746377944946,0.013078194111585617,0.011280336417257786,0.012704461812973022,0.013289624825119972,0.014154357835650444,0.013816053979098797,0.011518088169395924,0.014638830907642841,0.01368948258459568,0.012255102396011353,0.011504748836159706,0.01288471557199955,0.012695757672190666,0.014555380679666996,0.01627875305712223,0.012293320149183273,0.011363339610397816,0.011824693530797958,0.014240124262869358,0.01173442229628563,0.014245297759771347,0.012421551160514355,0.012015050277113914,0.012937378138303757,0.014545277692377567,0.014043775387108326,0.012127838097512722,0.013608796522021294,0.012688126415014267,0.013737687841057777,0.011073213070631027,0.012146292254328728,0.012232942506670952,0.011541367508471012,0.012603259645402431,0.013843810185790062,0.013044026680290699,0.011422918178141117,0.012148701585829258,0.01330186054110527,0.011450421065092087,0.012529456987977028,0.012578172609210014,0.013307224959135056,0.011603351682424545,0.012221433222293854,0.011418061330914497,0.013141402043402195,0.014114584773778915,0.013692431151866913,0.011672763153910637,0.0119339469820261,0.013545486144721508,0.01172590535134077,0.012642255052924156,0.01287238858640194,0.011193576268851757,0.012892836704850197,0.01161196082830429,0.0131384851410985,0.012163890525698662,0.01284718420356512,0.013730806298553944,0.012728759087622166,0.011906657367944717,0.01205996610224247,0.013032627291977406,0.013695962727069855,0.013026164844632149,0.012946097180247307,0.01347740925848484,0.01256849616765976,0.014601560309529305,0.012625807896256447,0.014201188459992409,0.012524965219199657
M40,0.012468051165342331,0.013224214315414429,0.011991063132882118,0.013018087483942509,0.011981524527072906,0.013023054227232933,0.013541939668357372,0.012697285041213036,0.012332568876445293,0.013412093743681908,0.01265662256628275,0.011418838053941727,0.01419765129685402,0.011496584862470627,0.012356252409517765,0.013664541766047478,0.0111161470413208,0.011580780148506165,0.012042486108839512,0.012379013001918793,0.014120545238256454,0.011100467294454575,0.014626199379563332,0.012823226861655712,0.013471834361553192,0.012460186146199703,0.012288738042116165,0.014175932854413986,0.012500740587711334,0.01389814168214798,0.01193239726126194,0.01217702217400074,0.011262337677180767,0.013039793819189072,0.012803744524717331,0.01245806273072958,0.01308513805270195,0.01372637040913105,0.011836078949272633,0.012724010273814201,0.012076896615326405,0.013585111126303673,0.01351170428097248,0.013087103143334389,0.013483667746186256,0.012637250125408173,0.012841425836086273,0.012789739295840263,0.01166494470089674,0.013220658525824547,0.013455924578011036,0.012632742524147034,0.013440417125821114,0.012405307032167912,0.01257840171456337,0.013651536777615547,0.012293174862861633,0.011902946047484875,0.011456158943474293,0.013138331472873688,0.017118321731686592,0.012403987348079681,0.013597141951322556,0.012834633700549603,0.01373891532421112,0.011909660883247852,0.012144733220338821,0.014302904717624187,0.013407676480710506,0.01293274387717247,0.011900744400918484,0.012291919440031052,0.012586699798703194,0.013457893393933773,0.01158890500664711,0.015045015141367912,0.013748455792665482,0.012026420794427395
M41,0.03972712531685829,0.005509885493665934,0.0018274595495313406,0.0016508233966305852,0.0021889698691666126,0.045774511992931366,0.010550864040851593,0.016775542870163918,0.005073008127510548,0.016440901905298233,0.006968532223254442,0.0023919730447232723,0.07919637858867645,0.03817826882004738,0.005392013117671013,0.0016181187238544226,0.014231418259441853,0.051210470497608185,0.0014521090779453516,0.02136242389678955,0.09654855728149414,0.014221785590052605,0.003249760949984193,0.009680093266069889,0.0018862215802073479,0.002273840829730034,0.014543379656970501,0.0625915601849556,0.0015260004438459873,0.018066931515932083,0.003887483850121498,0.0027111596427857876,0.019677992910146713,0.0019131817389279604,0.057527828961610794,0.0028833551332354546,0.00561520317569375,0.0022993774618953466,0.003202691674232483,0.00792757235467434,0.006754056550562382,0.0027677519246935844,0.002408090978860855,0.03514600545167923,0.002923954278230667,0.0045844814740121365,0.0017416790360584855,0.004067521542310715,0.006012070458382368,0.010632572695612907,0.05713784694671631,0.0024528333451598883,0.008843711577355862,0.00210208841599524,0.00701476214453578,0.006345478817820549,0.0029475127812474966,0.001815709052607417,0.0013843484921380877,0.004192984662950039,0.007494513876736164,0.001841939752921462,0.001621695701032877,0.025187905877828598,0.005090080201625824,0.0146499527618289,0.001487415167503059,0.00332983979023993,0.002196697285398841,0.005735584069043398,0.007399977184832096,0.03930945321917534,0.0015803995775058866,0.001881348667666316,0.0015405409503728151,0.002117497380822897,0.0021350467577576637,0.004369853530079126
